"","time","precipIntensity","temperature","apparentTemperature","dewPoint","humidity","pressure","windSpeed","cloudCover","uvIndex","visibility"
"1",2018-09-01 00:00:00,NA,19.65,20.28,19.65,1,NA,12.6,0.65,0,4.44
"2",2018-09-01 01:00:00,NA,20.59,21.32,20.59,1,NA,16.56,0.44,0,10.01
"3",2018-09-01 02:00:00,NA,20.59,21.32,20.59,1,NA,16.56,0.44,0,10.01
"4",2018-09-01 03:00:00,NA,20.59,21.32,20.59,1,NA,14.77,0.19,0,10.01
"5",2018-09-01 04:00:00,NA,20.59,21.32,20.59,1,NA,14.77,0.19,0,10.01
"6",2018-09-01 05:00:00,NA,20.59,21.22,20,0.96,NA,12.96,0.19,0,10.01
"7",2018-09-01 06:00:00,NA,19.34,19.94,19.34,1,NA,8.21,0.44,0,10.01
"8",2018-09-01 07:00:00,NA,19.65,20.28,19.65,1,NA,7.23,0.19,1,10.01
"9",2018-09-01 08:00:00,NA,21.96,22.51,19.92,0.88,NA,10.46,0.19,3,10.01
"10",2018-09-01 09:00:00,NA,24.95,25.54,20.91,0.78,NA,11.15,0.19,5,10.01
"11",2018-09-01 10:00:00,NA,26.26,27.88,21.3,0.74,NA,11.15,0.19,8,10.01
"12",2018-09-01 11:00:00,NA,26.96,29.27,22.3,0.76,NA,NA,NA,NA,NA
"13",2018-09-01 12:00:00,NA,28.74,31.61,21.9,0.67,NA,9.85,0.19,11,10.01
"14",2018-09-01 13:00:00,NA,28.05,30.9,22.29,0.71,NA,9.91,0.19,10,10.01
"15",2018-09-01 14:00:00,NA,28.74,32.14,22.68,0.7,NA,10.99,0.19,8,10.01
"16",2018-09-01 16:00:00,NA,26.59,28.92,22.98,0.81,NA,8,0.19,2,10.01
"17",2018-09-01 17:00:00,NA,26.73,29.27,23.29,0.82,NA,1.66,0.19,1,10.01
"18",2018-09-01 18:00:00,NA,25.74,26.63,23.29,0.86,NA,5.41,0.19,0,10.01
"19",2018-09-01 19:00:00,NA,23.73,24.71,23.3,0.97,NA,0,0.19,0,10.01
"20",2018-09-01 20:00:00,NA,23.03,24.01,23.03,1,NA,1.66,0.19,0,10.01
"21",2018-09-01 21:00:00,NA,23.03,24.01,23.03,1,NA,1.61,0.19,0,10.01
"22",2018-09-01 22:00:00,NA,23.73,24.71,23.3,0.97,NA,1.64,0.19,0,10.01
"23",2018-09-01 23:00:00,NA,23.73,24.72,23.39,0.98,NA,6.82,0.36,0,9.4
"24",2018-09-02 00:00:00,NA,20.04,20.71,20.04,1,NA,3.01,0.61,0,3.44
"25",2018-09-02 01:00:00,NA,19.59,20.22,19.59,1,NA,NA,1,0,9
"26",2018-09-02 02:00:00,NA,19.59,20.22,19.59,1,NA,7.55,1,0,8
"27",2018-09-02 03:00:00,NA,19.59,20.22,19.59,1,NA,NA,0.75,0,7
"28",2018-09-02 04:00:00,NA,19.59,20.22,19.59,1,NA,7.55,0.75,0,10.01
"29",2018-09-02 05:00:00,NA,19.59,20.22,19.59,1,NA,NA,0.75,0,10.01
"30",2018-09-02 06:00:00,NA,20.73,21.47,20.73,1,NA,9.37,0.36,0,10.01
"31",2018-09-02 07:00:00,NA,21.04,21.81,21.04,1,NA,7.55,0.19,1,10.01
"32",2018-09-02 08:00:00,NA,23.33,24.02,21.22,0.88,NA,11.15,0.19,3,10.01
"33",2018-09-02 09:00:00,NA,25.04,25.76,21.91,0.83,NA,11.15,0.19,5,10.01
"34",2018-09-02 10:00:00,NA,26.35,28.36,22.61,0.8,NA,14.77,0.19,8,10.01
"35",2018-09-02 11:00:00,NA,28.05,31.28,22.91,0.74,NA,3.89,0.19,10,10.01
"36",2018-09-02 12:00:00,NA,28.74,32.84,23.59,0.74,NA,3.85,0.44,9,10.01
"37",2018-09-02 13:00:00,NA,30.13,33.98,22.59,0.64,NA,6.81,0.36,9,10.01
"38",2018-09-02 14:00:00,NA,29.43,32.29,21.59,0.63,NA,8.13,0.19,8,10.01
"39",2018-09-02 15:00:00,NA,28.43,31.44,22.29,0.69,NA,14.18,0.26,5,10.01
"40",2018-09-02 16:00:00,NA,27.74,30.46,22.29,0.72,NA,18.23,0.44,2,10.01
"41",2018-09-02 17:00:00,NA,28.25,31.01,21.99,0.69,NA,7.76,0.36,0,10.01
"42",2018-09-02 18:00:00,NA,26.04,27.75,22.3,0.8,NA,10.65,0.53,0,10.01
"43",2018-09-02 19:00:00,NA,24.73,25.65,23.29,0.92,NA,9.37,0.53,0,10.01
"44",2018-09-02 20:00:00,NA,22.35,22.99,20.61,0.9,NA,5.75,0.53,0,8.61
"45",2018-09-02 21:00:00,NA,22.65,23.28,20.61,0.88,NA,11.02,0.44,0,10.01
"46",2018-09-02 22:00:00,NA,21.34,22.08,20.91,0.97,NA,9.51,0.44,0,10.01
"47",2018-09-02 23:00:00,NA,21.34,22.15,21.34,1,NA,3.41,NA,0,NA
"48",2018-09-03 00:00:00,NA,22.35,23.14,21.61,0.96,NA,6.71,0.36,0,8.61
"49",2018-09-03 01:00:00,NA,20.59,21.32,20.59,1,NA,NA,0.19,0,10.01
"50",2018-09-03 02:00:00,NA,20.59,21.32,20.59,1,NA,NA,0.19,0,10.01
"51",2018-09-03 03:00:00,NA,20.59,21.32,20.59,1,NA,NA,0.19,0,10.01
"52",2018-09-03 04:00:00,NA,20.59,21.32,20.59,1,NA,NA,0.19,0,10.01
"53",2018-09-03 05:00:00,NA,19.59,20.22,19.59,1,NA,5.41,0.19,0,10.01
"54",2018-09-03 06:00:00,NA,20.73,21.47,20.73,1,NA,1.11,0.19,0,10.01
"55",2018-09-03 07:00:00,NA,21.34,22.13,21.22,0.99,NA,2.3,0.26,1,10.01
"56",2018-09-03 08:00:00,NA,23.33,24.18,22.31,0.94,NA,7.56,0.75,2,10.01
"57",2018-09-03 10:00:00,NA,26.66,29.25,23.6,0.83,NA,4.72,0.19,8,10.01
"58",2018-09-03 11:00:00,NA,27.64,30.69,22.98,0.76,NA,5.41,0.26,9,10.01
"59",2018-09-03 12:00:00,NA,28.35,32.23,23.59,0.75,NA,11.15,0.44,9,10.01
"60",2018-09-03 13:00:00,NA,29.04,32.45,22.52,0.68,NA,5.41,NA,NA,NA
"61",2018-09-03 14:00:00,NA,29.73,33.71,22.91,0.67,NA,7.98,NA,NA,NA
"62",2018-09-03 15:00:00,NA,30.43,34.04,22.21,0.62,NA,11.6,0.26,5,10.01
"63",2018-09-03 16:00:00,NA,27.44,29.96,22.21,0.73,NA,5.71,0.44,2,10.01
"64",2018-09-03 17:00:00,NA,23.73,24.46,21.61,0.88,NA,4.41,0.44,0,10.01
"65",2018-09-03 18:00:00,NA,24.43,25.27,22.61,0.9,NA,5.73,0.36,0,10.01
"66",2018-09-03 19:00:00,NA,22.73,23.65,22.61,0.99,NA,3.6,0.36,0,10.01
"67",2018-09-03 20:00:00,NA,23.42,24.36,22.92,0.97,NA,0,0.19,0,10.01
"68",2018-09-03 21:00:00,NA,23.03,24.01,23.03,1,NA,1.09,0.44,0,10.01
"69",2018-09-03 22:00:00,NA,23.03,24.01,23.03,1,NA,1.66,0.44,0,10.01
"70",2018-09-03 23:00:00,NA,23.03,24.01,23.03,1,NA,0,0.75,0,10.01
"71",2018-09-04 00:00:00,NA,23.03,24.01,23.03,1,NA,1.66,0.75,0,10.01
"72",2018-09-04 01:00:00,NA,22.61,23.53,22.61,1,NA,7.55,0.75,0,10.01
"73",2018-09-04 02:00:00,NA,22.61,23.53,22.61,1,NA,9.37,0.75,0,10.01
"74",2018-09-04 03:00:00,NA,21.59,22.42,21.59,1,NA,7.55,0.75,0,10.01
"75",2018-09-04 04:00:00,NA,21.59,22.42,21.59,1,NA,NA,0.75,0,10.01
"76",2018-09-04 05:00:00,NA,21.59,22.42,21.59,1,NA,11.15,NA,0,10.01
"77",2018-09-04 06:00:00,NA,21.04,21.81,21.04,1,NA,7.55,0.26,0,10.01
"78",2018-09-04 07:00:00,NA,21.66,22.42,21.22,0.97,NA,7.48,0.26,1,10.01
"79",2018-09-04 08:00:00,NA,23.64,24.52,22.61,0.94,NA,10.59,0.19,3,10.01
"80",2018-09-04 09:00:00,NA,25.34,26.19,22.92,0.86,NA,7.81,0.19,5,10.01
"81",2018-09-04 10:00:00,NA,27.34,30.52,23.59,0.8,NA,7.11,0.26,8,10.01
"82",2018-09-04 11:00:00,NA,28.35,31.09,21.91,0.68,NA,5.57,0.58,7,10.01
"83",2018-09-04 12:00:00,NA,29.04,32.01,21.9,0.65,NA,7.64,0.19,11,10.01
"84",2018-09-04 13:00:00,NA,29.73,33.13,22.21,0.64,NA,11.1,0.19,10,10.01
"85",2018-09-04 14:00:00,NA,29.43,34.54,24.29,0.74,NA,11.88,0.19,8,10.01
"86",2018-09-04 15:00:00,NA,29.04,32.75,22.91,0.7,NA,6.68,0.19,5,10.01
"87",2018-09-04 16:00:00,NA,28.05,31.53,23.29,0.75,NA,8.72,0.19,2,10.01
"88",2018-09-04 17:00:00,NA,25.13,25.99,22.99,0.88,NA,5.41,0.19,0,10.01
"89",2018-09-04 18:00:00,NA,25.04,26.09,24.3,0.96,NA,7.45,0.19,0,10.01
"90",2018-09-04 19:00:00,NA,24.73,25.8,24.3,0.97,NA,5.41,0.19,0,10.01
"91",2018-09-04 20:00:00,NA,24.03,25.03,23.61,0.97,NA,5.86,0.19,0,10.01
"92",2018-09-04 21:00:00,NA,23.73,24.75,23.61,0.99,NA,11.15,0.19,0,10.01
"93",2018-09-04 22:00:00,NA,23.03,23.99,22.92,0.99,NA,9.32,0.19,0,10.01
"94",2018-09-04 23:00:00,NA,23.03,23.94,22.61,0.97,NA,6.95,0.53,0,10.01
"95",2018-09-05 00:00:00,NA,23.73,24.6,22.61,0.93,NA,12.23,0.53,0,8.61
"96",2018-09-05 01:00:00,NA,21.59,22.42,21.59,1,NA,7.55,NA,0,10.01
"97",2018-09-05 02:00:00,NA,21.59,22.42,21.59,1,NA,5.41,NA,0,10.01
"98",2018-09-05 03:00:00,NA,20.59,21.32,20.59,1,NA,NA,NA,0,10.01
"99",2018-09-05 04:00:00,NA,20.59,21.32,20.59,1,NA,NA,NA,0,10.01
"100",2018-09-05 05:00:00,NA,21.59,22.42,21.59,1,NA,7.55,NA,0,10.01
"101",2018-09-05 06:00:00,NA,21.34,22.03,20.61,0.96,NA,7.11,NA,NA,10.01
"102",2018-09-05 07:00:00,NA,21.66,22.43,21.31,0.98,NA,10.48,0.19,1,10.01
"103",2018-09-05 08:00:00,NA,22.96,23.72,21.61,0.92,NA,8.58,0.19,3,10.01
"104",2018-09-05 09:00:00,NA,24.65,25.34,21.61,0.83,NA,10.57,0.19,5,10.01
"105",2018-09-05 10:00:00,NA,26.66,28.56,21.6,0.74,NA,14.39,0.19,8,10.01
"106",2018-09-05 11:00:00,NA,27.64,30.31,22.29,0.73,NA,6.36,0.19,10,10.01
"107",2018-09-05 12:00:00,NA,29.04,33.05,23.28,0.71,NA,4.3,0.19,11,10.01
"108",2018-09-05 13:00:00,NA,29.73,33.77,22.98,0.67,NA,4.91,0.26,9,10.01
"109",2018-09-05 14:00:00,NA,29.73,34.04,23.28,0.68,NA,7.55,0.19,8,10.01
"110",2018-09-05 15:00:00,NA,29.82,34.17,23.28,0.68,NA,9.08,0.26,5,10.01
"111",2018-09-05 16:00:00,NA,28.43,32.13,23.29,0.74,NA,5.46,0.44,2,10.01
"112",2018-09-05 17:00:00,NA,27.74,31.47,23.98,0.8,NA,6.76,0.44,0,10.01
"113",2018-09-05 18:00:00,NA,24.61,25.73,24.61,1,NA,NA,0.44,0,10.01
"114",2018-09-05 19:00:00,NA,23.81,24.68,22.61,0.93,NA,5.13,0.53,0,9.69
"115",2018-09-05 20:00:00,NA,20.59,21.32,20.59,1,NA,9.37,0.75,0,10.01
"116",2018-09-05 21:00:00,NA,21.73,22.58,21.73,1,NA,5.41,0.65,0,10.01
"117",2018-09-05 22:00:00,NA,22.73,23.65,22.61,0.99,NA,1.66,0.65,0,10.01
"118",2018-09-05 23:00:00,NA,22.73,23.65,22.61,0.99,NA,3.6,0.44,0,10.01
"119",2018-09-06 00:00:00,NA,22.04,22.89,21.92,0.99,NA,7.55,0.75,0,10.01
"120",2018-09-06 01:00:00,NA,21.59,22.42,21.59,1,NA,5.41,0.44,0,10.01
"121",2018-09-06 02:00:00,NA,21.59,22.42,21.59,1,NA,NA,0.19,0,10.01
"122",2018-09-06 04:00:00,NA,21.59,22.42,21.59,1,NA,NA,0.19,0,10.01
"123",2018-09-06 05:00:00,NA,20.59,21.32,20.59,1,NA,5.41,0.19,0,10.01
"124",2018-09-06 06:00:00,NA,21.04,21.81,21.04,1,NA,9.37,0.83,0,10.01
"125",2018-09-06 07:00:00,NA,21.04,21.81,21.04,1,NA,7.55,0.44,1,4.44
"126",2018-09-06 08:00:00,NA,23.03,24.01,23.03,1,NA,3.89,0.19,3,10.01
"127",2018-09-06 09:00:00,NA,25.04,25.76,21.91,0.83,NA,5.71,0.19,5,10.01
"128",2018-09-06 10:00:00,NA,27.03,29.22,21.91,0.74,NA,8.87,0.19,8,10.01
"129",2018-09-06 11:00:00,NA,27.34,29.54,21.6,0.71,NA,9.43,0.19,10,10.01
"130",2018-09-06 12:00:00,NA,29.04,32.01,21.9,0.65,NA,7.55,0.19,11,10.01
"131",2018-09-06 13:00:00,NA,29.04,32.75,22.91,0.7,NA,7.55,0.26,9,10.01
"132",2018-09-06 14:00:00,NA,30.13,33.4,21.9,0.61,NA,11.35,0.44,7,10.01
"133",2018-09-06 15:00:00,NA,27.61,31.23,23.98,0.81,NA,14.77,0.44,4,10.01
"134",2018-09-06 16:00:00,NA,27.74,31.03,23.29,0.77,NA,18.59,0.26,2,10.01
"135",2018-09-06 17:00:00,NA,26.73,29.27,23.29,0.82,NA,12.57,0.36,0,10.01
"136",2018-09-06 18:00:00,NA,25.61,26.59,23.99,0.91,NA,7.55,0.19,0,10.01
"137",2018-09-06 19:00:00,NA,24.73,25.69,23.6,0.93,NA,6.21,0.19,0,10.01
"138",2018-09-06 20:00:00,NA,23.73,24.75,23.61,0.99,NA,0,0.26,0,10.01
"139",2018-09-06 21:00:00,NA,23.03,24.01,23.03,1,NA,3.6,0.36,0,10.01
"140",2018-09-06 22:00:00,NA,23.03,24.01,23.03,1,NA,1.11,0.36,0,10.01
"141",2018-09-06 23:00:00,NA,23.33,24.33,23.33,1,NA,1.66,0.36,0,8.61
"142",2018-09-07 00:00:00,NA,23.42,24.41,23.3,0.99,NA,8.47,0.53,0,7.08
"143",2018-09-07 01:00:00,NA,19.59,20.22,19.59,1,NA,20.54,1,0,2.49
"144",2018-09-07 02:00:00,NA,19.59,20.22,19.59,1,NA,12.96,1,0,10.01
"145",2018-09-07 03:00:00,NA,19.59,20.22,19.59,1,NA,5.41,0.75,0,10.01
"146",2018-09-07 04:00:00,NA,20.59,21.32,20.59,1,NA,NA,0.44,0,10.01
"147",2018-09-07 05:00:00,NA,20.59,21.32,20.59,1,NA,7.55,0.44,0,10.01
"148",2018-09-07 06:00:00,NA,19.59,20.22,19.59,1,NA,NA,0.44,0,10.01
"149",2018-09-07 07:00:00,NA,21.04,21.81,21.04,1,NA,0,0.36,1,10.01
"150",2018-09-07 08:00:00,NA,24.03,25.09,23.99,1,NA,8.79,0.26,2,10.01
"151",2018-09-07 09:00:00,NA,25.04,25.86,22.61,0.86,NA,11.15,0.26,5,10.01
"152",2018-09-07 10:00:00,NA,27.03,29.64,22.91,0.78,NA,6.58,0.19,8,10.01
"153",2018-09-07 11:00:00,NA,29.04,31.55,21.21,0.63,NA,7.55,0.26,9,10.01
"154",2018-09-07 12:00:00,NA,29.73,32.13,20.82,0.59,NA,5.21,0.19,11,10.01
"155",2018-09-07 13:00:00,NA,29.43,32.73,22.21,0.65,NA,8.56,0.36,9,10.01
"156",2018-09-07 14:00:00,NA,29.12,32.33,22.21,0.66,NA,8.13,0.19,7,10.01
"157",2018-09-07 15:00:00,NA,28.74,32.6,23.28,0.72,NA,6.76,0.19,5,10.01
"158",2018-09-07 16:00:00,NA,27.74,31.47,23.98,0.8,NA,10.99,0.19,2,10.01
"159",2018-09-07 17:00:00,NA,27.03,30,23.68,0.82,NA,9.88,0.19,0,10.01
"160",2018-09-07 18:00:00,NA,26.04,27.87,22.91,0.83,NA,5.78,0.36,0,7.92
"161",2018-09-07 19:00:00,NA,23.33,24.33,23.33,1,NA,2.86,0.36,0,10.01
"162",2018-09-07 20:00:00,NA,23.33,24.33,23.33,1,NA,3.6,0.58,0,10.01
"163",2018-09-07 21:00:00,NA,23.03,24.01,23.03,1,NA,2.78,0.44,0,8.61
"164",2018-09-07 22:00:00,NA,23.03,24.01,23.03,1,NA,3.01,0.53,0,7.61
"165",2018-09-07 23:00:00,NA,18.61,19.13,18.61,1,NA,6.13,0.36,0,6.31
"166",2018-09-08 00:00:00,NA,21.13,21.91,21.13,1,NA,6.13,0.44,0,4.31
"167",2018-09-08 01:00:00,NA,18.61,19.13,18.61,1,NA,7.55,0.75,0,NA
"168",2018-09-08 02:00:00,NA,18.61,19.13,18.61,1,NA,7.55,0.75,0,7
"169",2018-09-08 04:00:00,NA,19.59,20.22,19.59,1,NA,3.6,0.75,0,8
"170",2018-09-08 05:00:00,NA,19.59,20.22,19.59,1,NA,5.41,1,0,9
"171",2018-09-08 06:00:00,NA,21.04,21.81,21.04,1,NA,9.37,0.61,0,5.84
"172",2018-09-08 07:00:00,NA,22.42,23.31,22.31,0.99,NA,9.37,0.61,1,5.13
"173",2018-09-08 08:00:00,NA,21.73,22.58,21.73,1,NA,7.55,0.53,2,6.53
"174",2018-09-08 09:00:00,NA,24.03,24.79,21.91,0.88,NA,7.55,0.26,5,10.01
"175",2018-09-08 10:00:00,NA,25.64,26.53,23.29,0.87,NA,7.84,0.36,7,10.01
"176",2018-09-08 11:00:00,NA,26.66,29.25,23.6,0.83,NA,4.12,0.19,10,10.01
"177",2018-09-08 12:00:00,NA,28.74,32.09,22.6,0.7,NA,5.87,0.44,9,10.01
"178",2018-09-08 13:00:00,NA,28.74,31.61,21.9,0.67,NA,8.67,0.36,9,10.01
"179",2018-09-08 14:00:00,NA,27.34,30.36,23.29,0.79,NA,10.75,0.26,7,10.01
"180",2018-09-08 15:00:00,NA,25.34,26.2,22.99,0.87,NA,3.94,0.26,5,10.01
"181",2018-09-08 16:00:00,NA,26.42,28.69,23.29,0.83,NA,4.18,0.19,2,10.01
"182",2018-09-08 17:00:00,NA,26.73,29.27,23.29,0.82,NA,6.21,0.19,0,10.01
"183",2018-09-08 18:00:00,NA,25.04,26.05,23.99,0.94,NA,4.8,0.19,0,10.01
"184",2018-09-08 19:00:00,NA,23.73,24.77,23.73,1,NA,4.3,0.19,0,10.01
"185",2018-09-08 20:00:00,NA,23.03,24.01,23.03,1,NA,2.69,0.19,0,10.01
"186",2018-09-08 21:00:00,NA,23.03,24.01,23.03,1,NA,3.72,0.44,0,10.01
"187",2018-09-08 22:00:00,NA,23.03,23.94,22.61,0.97,NA,1.92,0.19,0,10.01
"188",2018-09-08 23:00:00,NA,23.03,24.01,23.03,1,NA,2.46,0.58,0,10.01
"189",2018-09-09 00:00:00,NA,23.03,24.01,23.03,1,NA,5.41,0.36,0,10.01
"190",2018-09-09 01:00:00,NA,21.59,22.42,21.59,1,NA,NA,0.75,0,10.01
"191",2018-09-09 02:00:00,NA,21.59,22.42,21.59,1,NA,3.6,0.75,0,10.01
"192",2018-09-09 03:00:00,NA,21.59,22.42,21.59,1,NA,7.55,0.75,0,10.01
"193",2018-09-09 04:00:00,NA,20.59,21.32,20.59,1,NA,7.55,0.75,0,8
"194",2018-09-09 05:00:00,NA,20.59,21.32,20.59,1,NA,NA,0.44,0,9
"195",2018-09-09 06:00:00,NA,20.04,20.71,20.04,1,NA,5.41,0.19,0,10.01
"196",2018-09-09 07:00:00,NA,21.04,21.81,21.04,1,NA,4.8,0.19,1,10.01
"197",2018-09-09 08:00:00,NA,22.35,23.03,20.91,0.92,NA,5.25,0.26,2,10.01
"198",2018-09-09 09:00:00,NA,24.73,25.42,21.61,0.83,NA,5.41,0.26,5,10.01
"199",2018-09-09 10:00:00,NA,26.04,27.62,21.6,0.77,NA,4.99,0.19,8,10.01
"200",2018-09-09 11:00:00,NA,27.03,29.38,22.3,0.75,NA,7.55,0.26,9,10.01
"201",2018-09-09 12:00:00,NA,28.05,30.9,22.29,0.71,NA,12.96,0.26,10,10.01
"202",2018-09-09 13:00:00,NA,27.74,30.62,22.6,0.74,NA,6.05,0.36,9,10.01
"203",2018-09-09 14:00:00,NA,27.74,31.22,23.59,0.78,NA,14.79,0.26,7,10.01
"204",2018-09-09 15:00:00,NA,26.59,28.92,22.98,0.81,NA,9.37,0.44,4,10.01
"205",2018-09-09 16:00:00,NA,27.03,29.82,23.29,0.8,NA,11.12,0.53,2,10.01
"206",2018-09-09 17:00:00,NA,25.04,25.95,23.29,0.9,NA,9.38,0.53,0,10.01
"207",2018-09-09 18:00:00,NA,24.34,25.33,23.61,0.96,NA,5.41,0.53,0,10.01
"208",2018-09-09 19:00:00,NA,23.03,24.01,23.03,1,NA,9,0.36,0,10.01
"209",2018-09-09 20:00:00,NA,23.03,23.94,22.61,0.97,NA,5.18,0.26,0,10.01
"210",2018-09-09 21:00:00,NA,23.73,24.71,23.3,0.97,NA,9.93,0.26,0,10.01
"211",2018-09-09 22:00:00,NA,22.35,23.25,22.35,1,NA,12.96,0.65,0,10.01
"212",2018-09-09 23:00:00,NA,22.04,22.78,21.22,0.95,NA,7.24,0.75,0,10.01
"213",2018-09-10 00:00:00,NA,21.34,22.13,21.22,0.99,NA,3.56,0.53,0,10.01
"214",2018-09-10 01:00:00,NA,21.59,22.42,21.59,1,NA,7.55,0.75,0,10.01
"215",2018-09-10 02:00:00,NA,21.59,22.42,21.59,1,NA,5.41,0.75,0,10.01
"216",2018-09-10 03:00:00,NA,20.59,21.32,20.59,1,NA,NA,0.44,0,10.01
"217",2018-09-10 04:00:00,NA,20.59,21.32,20.59,1,NA,9.37,0.44,0,10.01
"218",2018-09-10 05:00:00,NA,20.59,21.32,20.59,1,NA,7.55,0.44,0,10.01
"219",2018-09-10 06:00:00,NA,20.73,21.47,20.73,1,NA,3.99,0.44,0,3.4
"220",2018-09-10 07:00:00,NA,20.34,21.02,20.22,0.99,NA,6.87,0.26,1,10.01
"221",2018-09-10 08:00:00,NA,21.66,22.37,20.91,0.96,NA,7.98,0.65,2,5.13
"222",2018-09-10 09:00:00,NA,22.96,23.66,21.22,0.9,NA,7.55,0.65,4,5.13
"223",2018-09-10 10:00:00,NA,23.95,24.62,21.22,0.85,NA,6.71,0.58,6,5.84
"224",2018-09-10 11:00:00,NA,25.64,26.23,20.91,0.75,NA,4.51,0.58,7,6.53
"225",2018-09-10 12:00:00,NA,26.96,29.27,22.3,0.76,NA,7.55,0.58,8,10.01
"226",2018-09-10 13:00:00,NA,27.34,30.01,22.61,0.75,NA,8.29,0.36,9,10.01
"227",2018-09-10 14:00:00,NA,27.03,29.51,22.61,0.77,NA,5.65,0.36,7,8.61
"228",2018-09-10 15:00:00,NA,27.74,30.8,22.91,0.75,NA,10.49,0.36,4,8.61
"229",2018-09-10 16:00:00,NA,25.61,26.59,23.99,0.91,NA,9.95,0.19,2,7.92
"230",2018-09-10 17:00:00,NA,25.34,26.19,22.92,0.86,NA,4.02,0.44,0,10.01
"231",2018-09-10 18:00:00,NA,25.04,25.9,22.92,0.88,NA,4.8,0.26,0,10.01
"232",2018-09-10 19:00:00,NA,23.73,24.69,23.23,0.97,NA,5.41,0.26,0,10.01
"233",2018-09-10 20:00:00,NA,23.03,23.99,22.92,0.99,NA,0,0.19,0,10.01
"234",2018-09-10 21:00:00,NA,23.03,23.99,22.92,0.99,NA,1.66,0.26,0,10.01
"235",2018-09-10 22:00:00,NA,23.03,23.99,22.92,0.99,NA,1.66,0.44,0,10.01
"236",2018-09-10 23:00:00,NA,23.03,23.88,22.22,0.95,NA,0,0.19,0,10.01
"237",2018-09-11 00:00:00,NA,22.04,22.89,21.92,0.99,NA,1.11,0.19,0,10.01
"238",2018-09-11 01:00:00,NA,21.59,22.42,21.59,1,NA,5.41,0.19,0,10.01
"239",2018-09-11 02:00:00,NA,21.59,22.42,21.59,1,NA,5.41,0.19,0,10.01
"240",2018-09-11 03:00:00,NA,23.59,24.62,23.59,1,NA,NA,0.19,0,10.01
"241",2018-09-11 04:00:00,NA,21.59,22.42,21.59,1,NA,NA,0.44,0,10.01
"242",2018-09-11 05:00:00,NA,20.59,21.32,20.59,1,NA,NA,0.44,0,10.01
"243",2018-09-11 06:00:00,NA,21.04,21.79,20.92,0.99,NA,7.55,0.26,0,10.01
"244",2018-09-11 07:00:00,NA,22.04,22.84,21.61,0.97,NA,1.66,0.19,1,10.01
"245",2018-09-11 08:00:00,NA,25.04,25.95,23.29,0.9,NA,1.66,0.19,3,10.01
"246",2018-09-11 09:00:00,NA,27.03,29.82,23.29,0.8,NA,1.66,0.19,5,10.01
"247",2018-09-11 10:00:00,NA,26.73,29.8,24.29,0.87,NA,5.41,0.36,7,10.01
"248",2018-09-11 11:00:00,NA,27.03,29.96,23.59,0.82,NA,8.79,0.19,10,10.01
"249",2018-09-11 12:00:00,NA,27.03,29.82,23.29,0.8,NA,9.09,0.19,10,10.01
"250",2018-09-11 13:00:00,NA,28.05,31.74,23.59,0.77,NA,8.53,0.19,10,10.01
"251",2018-09-11 14:00:00,NA,28.05,31.74,23.59,0.77,NA,10.75,0.26,7,10.01
"252",2018-09-11 15:00:00,NA,27.44,30.52,23.29,0.78,NA,14.92,0.44,4,10.01
"253",2018-09-11 16:00:00,NA,26.35,28.64,23.6,0.85,NA,10.03,0.44,2,10.01
"254",2018-09-11 17:00:00,NA,25.34,26.29,23.6,0.9,NA,7.55,0.26,0,10.01
"255",2018-09-11 18:00:00,NA,25.04,25.9,22.92,0.88,NA,11.15,0.36,0,10.01
"256",2018-09-11 19:00:00,NA,23.73,24.69,23.23,0.97,NA,6.12,0.19,0,10.01
"257",2018-09-11 20:00:00,NA,23.03,23.99,22.92,0.99,NA,5.41,0.19,0,10.01
"258",2018-09-11 21:00:00,NA,23.03,23.99,22.92,0.99,NA,4.55,0.19,0,10.01
"259",2018-09-11 22:00:00,NA,22.73,23.65,22.61,0.99,NA,1.9,0.75,0,9.69
"260",2018-09-11 23:00:00,NA,22.04,22.89,21.92,0.99,NA,1.82,0.44,0,9.69
"261",2018-09-12 00:00:00,NA,22.35,23.18,21.92,0.97,NA,2.3,0.44,0,10.01
"262",2018-09-12 01:00:00,NA,21.59,22.42,21.59,1,NA,NA,0.44,0,10.01
"263",2018-09-12 02:00:00,NA,20.59,21.32,20.59,1,NA,5.41,0.44,0,10.01
"264",2018-09-12 03:00:00,NA,21.59,22.42,21.59,1,NA,5.41,0.44,0,10.01
"265",2018-09-12 04:00:00,NA,21.59,22.42,21.59,1,NA,7.55,0.44,0,10.01
"266",2018-09-12 05:00:00,NA,20.59,21.32,20.59,1,NA,3.6,0.44,0,10.01
"267",2018-09-12 06:00:00,NA,21.43,22.24,21.43,1,NA,7.55,0.75,0,4.44
"268",2018-09-12 07:00:00,NA,22.04,22.89,21.92,0.99,NA,11.15,0.19,1,10.01
"269",2018-09-12 08:00:00,NA,23.73,24.64,22.92,0.95,NA,3.22,0.19,3,10.01
"270",2018-09-12 09:00:00,NA,25.74,27.35,23.6,0.88,NA,5.41,0.19,5,10.01
"271",2018-09-12 10:00:00,NA,27.03,29.64,22.91,0.78,NA,7.55,0.19,8,10.01
"272",2018-09-12 11:00:00,NA,28.74,32.09,22.6,0.7,NA,9.37,0.44,8,10.01
"273",2018-09-12 12:00:00,NA,28.35,31.09,21.91,0.68,NA,9.25,0.36,9,10.01
"274",2018-09-12 13:00:00,NA,31.52,35.41,22.2,0.58,NA,6.37,0.36,8,10.01
"275",2018-09-12 14:00:00,NA,28.74,32.31,22.91,0.71,NA,5.78,0.36,7,10.01
"276",2018-09-12 15:00:00,NA,28.05,31.28,22.91,0.74,NA,10.83,0.44,4,10.01
"277",2018-09-12 16:00:00,NA,27.74,30.8,22.91,0.75,NA,2.33,0.19,2,10.01
"278",2018-09-12 17:00:00,NA,26.73,29.12,22.91,0.8,NA,6.69,NA,NA,NA
"279",2018-09-12 18:00:00,NA,25.04,25.99,23.6,0.92,NA,9.96,0.19,0,10.01
"280",2018-09-12 19:00:00,NA,24.03,25.03,23.61,0.97,NA,5.39,0.19,0,10.01
"281",2018-09-12 20:00:00,NA,23.03,24.01,23.03,1,NA,3.6,0.19,0,10.01
"282",2018-09-12 21:00:00,NA,23.33,24.27,22.92,0.98,NA,1.66,0.26,0,10.01
"283",2018-09-12 22:00:00,NA,23.03,23.99,22.92,0.99,NA,4.09,0.19,0,10.01
"284",2018-09-12 23:00:00,NA,22.73,23.67,22.73,1,NA,5.41,NA,0,10.01
"285",2018-09-13 00:00:00,NA,22.73,23.6,22.31,0.97,NA,4.75,0.19,0,10.01
"286",2018-09-13 01:00:00,NA,20.59,21.32,20.59,1,NA,5.41,0.19,0,10.01
"287",2018-09-13 02:00:00,NA,20.59,21.32,20.59,1,NA,5.41,0.19,0,10.01
"288",2018-09-13 03:00:00,NA,20.59,21.32,20.59,1,NA,5.41,0.19,0,10.01
"289",2018-09-13 04:00:00,NA,21.59,22.42,21.59,1,NA,NA,0.19,0,10.01
"290",2018-09-13 05:00:00,NA,21.59,22.42,21.59,1,NA,NA,0.75,0,10.01
"291",2018-09-13 06:00:00,NA,21.73,22.58,21.73,1,NA,0,0.65,0,10.01
"292",2018-09-13 07:00:00,NA,22.04,22.91,22.04,1,NA,7.15,0.26,1,6.53
"293",2018-09-13 08:00:00,NA,24.43,25.27,22.61,0.9,NA,7.55,0.26,2,10.01
"294",2018-09-13 09:00:00,NA,24.73,25.6,22.92,0.9,NA,6.69,0.26,5,10.01
"295",2018-09-13 10:00:00,NA,26.73,29.01,22.61,0.78,NA,11.83,0.26,8,10.01
"296",2018-09-13 11:00:00,NA,27.74,31.22,23.59,0.78,NA,12.46,0.44,8,5.84
"297",2018-09-13 12:00:00,NA,28.05,31.74,23.59,0.77,NA,11.59,0.36,9,7.23
"298",2018-09-13 13:00:00,NA,27.61,31.96,24.99,0.86,NA,14.77,0.19,9,10.01
"299",2018-09-13 14:00:00,NA,29.12,32.86,22.91,0.69,NA,11.06,0.19,7,7.23
"300",2018-09-13 15:00:00,NA,26.59,29.28,23.99,0.86,NA,9.37,0.44,4,10.01
"301",2018-09-13 16:00:00,NA,28.05,31.09,22.6,0.72,NA,15.05,0.19,2,10.01
"302",2018-09-13 17:00:00,NA,26.73,29.27,23.29,0.82,NA,10.57,0.19,0,10.01
"303",2018-09-13 18:00:00,NA,25.04,25.9,22.92,0.88,NA,9.99,0.19,0,10.01
"304",2018-09-13 19:00:00,NA,24.34,25.23,22.92,0.92,NA,3.25,0.19,0,10.01
"305",2018-09-13 20:00:00,NA,23.03,24.01,23.03,1,NA,1.96,0.19,0,9.69
"306",2018-09-13 21:00:00,NA,23.73,24.75,23.61,0.99,NA,1.09,0.44,0,10.01
"307",2018-09-13 22:00:00,NA,23.03,24.01,23.03,1,NA,0.9,0.44,0,10.01
"308",2018-09-13 23:00:00,NA,23.03,24.01,23.03,1,NA,3.6,0.44,0,10.01
"309",2018-09-14 00:00:00,NA,23.03,23.94,22.61,0.97,NA,3.6,0.44,0,10.01
"310",2018-09-14 01:00:00,NA,21.59,22.42,21.59,1,NA,5.41,0.44,0,10.01
"311",2018-09-14 02:00:00,NA,21.59,22.42,21.59,1,NA,NA,0.44,0,9
"312",2018-09-14 03:00:00,NA,21.59,22.42,21.59,1,NA,5.41,0.44,0,10.01
"313",2018-09-14 04:00:00,NA,20.59,21.32,20.59,1,NA,5.41,0.44,0,10.01
"314",2018-09-14 05:00:00,NA,21.59,22.42,21.59,1,NA,NA,0.44,0,10.01
"315",2018-09-14 06:00:00,NA,22.42,23.33,22.42,1,NA,3.64,0.65,0,2.83
"316",2018-09-14 07:00:00,NA,23.03,23.94,22.61,0.97,NA,9.09,0.58,1,2.83
"317",2018-09-14 08:00:00,NA,25.04,25.86,22.61,0.86,NA,2.08,0.58,2,3.52
"318",2018-09-14 09:00:00,NA,26.04,27.87,22.91,0.83,NA,6.69,0.58,4,5.84
"319",2018-09-14 10:00:00,NA,28.05,31.74,23.59,0.77,NA,8.92,0.58,6,10.01
"320",2018-09-14 11:00:00,NA,28.35,31.09,21.91,0.68,NA,10.57,0.65,7,10.01
"321",2018-09-14 12:00:00,NA,29.04,32.75,22.91,0.7,NA,11.35,0.65,7,10.01
"322",2018-09-14 13:00:00,NA,29.43,33.88,23.59,0.71,NA,11.7,0.58,7,10.01
"323",2018-09-14 14:00:00,NA,29.43,33.55,23.21,0.69,NA,5.41,0.26,7,10.01
"324",2018-09-14 15:00:00,NA,27.74,30.98,23.22,0.76,NA,13.12,0.36,4,10.01
"325",2018-09-14 16:00:00,NA,27.74,30.8,22.91,0.75,NA,7.55,0.26,2,10.01
"326",2018-09-14 17:00:00,NA,27.03,29.96,23.59,0.82,NA,9.37,0.26,0,8.61
"327",2018-09-14 18:00:00,NA,25.04,26.04,23.91,0.93,NA,3.75,0.19,0,10.01
"328",2018-09-14 19:00:00,NA,24.43,25.21,22.22,0.88,NA,9.37,0.19,0,10.01
"329",2018-09-14 20:00:00,NA,23.73,24.54,22.22,0.91,NA,0,0.19,0,9.08
"330",2018-09-14 21:00:00,NA,23.73,24.54,22.22,0.91,NA,5.41,0.19,0,9.08
"331",2018-09-14 22:00:00,NA,23.03,23.88,22.22,0.95,NA,0,0.19,0,9.69
"332",2018-09-14 23:00:00,NA,22.73,23.65,22.61,0.99,NA,0,0.19,0,10.01
"333",2018-09-15 00:00:00,NA,23.42,24.31,22.61,0.95,NA,5.41,0.44,0,10.01
"334",2018-09-15 01:00:00,NA,21.59,22.42,21.59,1,NA,NA,0.44,0,10.01
"335",2018-09-15 02:00:00,NA,20.59,21.32,20.59,1,NA,NA,0.44,0,10.01
"336",2018-09-15 04:00:00,NA,20.59,21.32,20.59,1,NA,NA,0.44,0,10.01
"337",2018-09-15 05:00:00,NA,20.59,21.32,20.59,1,NA,5.41,0.44,0,10.01
"338",2018-09-15 06:00:00,NA,20.04,20.71,20.04,1,NA,4.6,0.61,0,3.6
"339",2018-09-15 07:00:00,NA,20.04,20.69,19.92,0.99,NA,0.84,0.53,1,3.75
"340",2018-09-15 08:00:00,NA,21.04,21.81,21.04,1,NA,0,0.26,2,10.01
"341",2018-09-15 09:00:00,NA,22.04,22.84,21.61,0.97,NA,7.55,0.26,5,10.01
"342",2018-09-15 10:00:00,NA,23.73,24.71,23.3,0.97,NA,6.71,0.19,8,10.01
"343",2018-09-15 11:00:00,NA,24.73,25.65,23.29,0.92,NA,7.29,0.19,10,10.01
"344",2018-09-15 12:00:00,NA,26.35,28.53,23.22,0.83,NA,7.69,0.19,10,10.01
"345",2018-09-15 13:00:00,NA,27.34,30.16,22.91,0.77,NA,11.15,0.19,9,10.01
"346",2018-09-15 14:00:00,NA,26.73,29.12,22.91,0.8,NA,7.55,0.26,7,10.01
"347",2018-09-15 15:00:00,NA,27.74,31.22,23.59,0.78,NA,9.69,0.36,4,10.01
"348",2018-09-15 16:00:00,NA,27.13,29.82,22.91,0.78,NA,5.73,0.19,2,10.01
"349",2018-09-15 17:00:00,NA,27.44,30.16,22.61,0.75,NA,8.21,0.06,0,10.01
"350",2018-09-15 18:00:00,NA,25.04,25.86,22.61,0.86,NA,8,0.36,0,10.01
"351",2018-09-15 19:00:00,NA,24.03,24.93,22.92,0.94,NA,9.54,0.26,0,10.01
"352",2018-09-15 20:00:00,NA,22.65,23.58,22.65,1,NA,8.71,0.53,0,6.53
"353",2018-09-15 21:00:00,NA,22.65,23.41,21.52,0.93,NA,7.98,0.26,0,6.53
"354",2018-09-15 22:00:00,NA,21.34,22.07,20.83,0.97,NA,3.6,0.36,0,10.01
"355",2018-09-15 23:00:00,NA,21.66,22.36,20.83,0.95,NA,0.92,0.36,0,7.23
"356",2018-09-16 00:00:00,NA,22.04,22.83,21.53,0.97,NA,3.43,0.53,0,10.01
"357",2018-09-16 01:00:00,NA,21.59,22.42,21.59,1,NA,NA,0.75,0,10.01
"358",2018-09-16 02:00:00,NA,21.59,22.42,21.59,1,NA,NA,0.75,0,10.01
"359",2018-09-16 03:00:00,NA,21.59,22.42,21.59,1,NA,7.55,0.75,0,10.01
"360",2018-09-16 05:00:00,NA,20.59,21.32,20.59,1,NA,5.41,0.75,0,10.01
"361",2018-09-16 06:00:00,NA,21.34,22.08,20.91,0.97,NA,1.66,0.75,0,10.01
"362",2018-09-16 07:00:00,NA,21.66,22.37,20.91,0.96,NA,9.37,0.36,1,10.01
"363",2018-09-16 08:00:00,NA,24.34,25.28,23.29,0.94,NA,1.66,0.19,3,10.01
"364",2018-09-16 09:00:00,NA,25.64,26.63,23.99,0.91,NA,3.6,0.19,5,10.01
"365",2018-09-16 10:00:00,NA,27.34,30.74,23.99,0.82,NA,NA,0.44,7,10.01
"366",2018-09-16 11:00:00,NA,27.64,31.06,23.59,0.79,NA,7.92,NA,NA,10.01
"367",2018-09-16 12:00:00,NA,28.66,32.48,23.28,0.73,NA,4.35,0.58,8,10.01
"368",2018-09-16 13:00:00,NA,28.74,32.84,23.59,0.74,NA,3.98,0.19,9,10.01
"369",2018-09-16 14:00:00,NA,28.13,31.87,23.59,0.76,NA,6.92,0.36,7,10.01
"370",2018-09-16 15:00:00,NA,26.04,28.16,24.29,0.9,NA,11.7,0.19,4,10.01
"371",2018-09-16 16:00:00,NA,26.73,29.8,24.29,0.87,NA,7.98,0.19,2,10.01
"372",2018-09-16 17:00:00,NA,25.74,27.43,24.29,0.92,NA,9.16,0.26,0,10.01
"373",2018-09-16 18:00:00,NA,25.04,26.09,24.3,0.96,NA,9.93,0.36,0,10.01
"374",2018-09-16 19:00:00,NA,24.03,25.08,23.91,0.99,NA,7.55,0.36,0,10.01
"375",2018-09-16 20:00:00,NA,24.03,25.08,23.91,0.99,NA,2.29,0.53,0,10.01
"376",2018-09-16 21:00:00,NA,22.35,23.23,22.22,0.99,NA,5.12,0.44,0,9.4
"377",2018-09-16 22:00:00,NA,23.42,24.43,23.42,1,NA,4.41,0.36,0,10.01
"378",2018-09-16 23:00:00,NA,22.73,23.67,22.73,1,NA,2.86,0.36,0,6.53
"379",2018-09-17 00:00:00,NA,22.73,23.67,22.73,1,NA,2.86,0.36,0,10.01
"380",2018-09-17 01:00:00,NA,21.59,22.42,21.59,1,NA,7.55,0.44,0,10.01
"381",2018-09-17 02:00:00,NA,21.59,22.42,21.59,1,NA,5.41,0.44,0,10.01
"382",2018-09-17 03:00:00,NA,21.59,22.42,21.59,1,NA,NA,0.75,0,10.01
"383",2018-09-17 04:00:00,NA,21.59,22.42,21.59,1,NA,5.41,0.19,0,10.01
"384",2018-09-17 05:00:00,NA,21.59,22.42,21.59,1,NA,5.41,0.75,0,9
"385",2018-09-17 06:00:00,NA,22.35,23.25,22.35,1,NA,7.68,0.53,0,6.53
"386",2018-09-17 07:00:00,NA,22.35,23.24,22.31,1,NA,6.36,0.26,1,10.01
"387",2018-09-17 08:00:00,NA,23.64,24.38,21.61,0.88,NA,7.6,0.19,3,10.01
"388",2018-09-17 09:00:00,NA,24.95,25.68,21.91,0.83,NA,14.77,0.19,5,10.01
"389",2018-09-17 10:00:00,NA,25.13,25.99,22.99,0.88,NA,14.77,0.44,7,10.01
"390",2018-09-17 11:00:00,NA,28.35,32.23,23.59,0.75,NA,4.35,0.58,7,10.01
"391",2018-09-17 12:00:00,NA,28.66,32.72,23.59,0.74,NA,9.33,0.58,8,10.01
"392",2018-09-17 13:00:00,NA,29.35,33.77,23.59,0.71,NA,9.78,0.44,8,10.01
"393",2018-09-17 14:00:00,NA,29.73,33.45,22.59,0.66,NA,10.43,0.36,7,10.01
"394",2018-09-17 15:00:00,NA,29.12,33.17,23.28,0.71,NA,11.62,0.19,4,10.01
"395",2018-09-17 16:00:00,NA,28.43,32.36,23.59,0.75,NA,9.16,0.19,2,10.01
"396",2018-09-17 17:00:00,NA,27.44,31.11,24.29,0.83,NA,6.24,0.26,0,10.01
"397",2018-09-17 18:00:00,NA,26.04,27.87,22.91,0.83,NA,4.54,0.26,0,10.01
"398",2018-09-17 19:00:00,NA,24.34,25.23,22.92,0.92,NA,7.68,0.26,0,10.01
"399",2018-09-17 20:00:00,NA,24.03,25.08,23.91,0.99,NA,7.55,0.61,0,10.01
"400",2018-09-17 21:00:00,NA,24.34,25.44,24.3,1,NA,3.62,0.65,0,10.01
"401",2018-09-17 22:00:00,NA,23.73,24.77,23.73,1,NA,5.41,0.65,0,10.01
"402",2018-09-17 23:00:00,NA,23.03,24.01,23.03,1,NA,5.41,0.26,0,10.01
"403",2018-09-18 00:00:00,NA,23.33,24.33,23.33,1,NA,1.67,0.36,0,10.01
"404",2018-09-18 01:00:00,NA,20.59,21.32,20.59,1,NA,9.37,1,0,7
"405",2018-09-18 02:00:00,NA,20.59,21.32,20.59,1,NA,5.41,0.44,0,10.01
"406",2018-09-18 04:00:00,NA,20.59,21.32,20.59,1,NA,5.41,0.44,0,10.01
"407",2018-09-18 05:00:00,NA,20.59,21.32,20.59,1,NA,5.41,0.44,0,10.01
"408",2018-09-18 06:00:00,NA,21.73,22.58,21.73,1,NA,2.91,0.26,0,10.01
"409",2018-09-18 07:00:00,NA,22.04,22.89,21.92,0.99,NA,4.25,0.44,1,10.01
"410",2018-09-18 08:00:00,NA,24.73,25.6,22.92,0.9,NA,9.37,0.19,3,10.01
"411",2018-09-18 09:00:00,NA,26.04,27.87,22.91,0.83,NA,7.66,0.19,5,10.01
"412",2018-09-18 10:00:00,NA,27.34,29.68,21.91,0.72,NA,6.79,0.26,8,10.01
"413",2018-09-18 11:00:00,NA,29.04,32.01,21.9,0.65,NA,11.15,0.19,10,10.01
"414",2018-09-18 12:00:00,NA,29.04,31.13,20.51,0.6,NA,5.87,0.36,9,10.01
"415",2018-09-18 13:00:00,NA,29.35,31.48,20.51,0.59,NA,5.41,0.19,9,10.01
"416",2018-09-18 14:00:00,NA,28.74,31.61,21.9,0.67,NA,8.34,0.44,6,10.01
"417",2018-09-18 15:00:00,NA,28.74,32.6,23.28,0.72,NA,9.85,0.26,4,10.01
"418",2018-09-18 16:00:00,NA,27.13,30.14,23.59,0.81,NA,9.61,0.36,2,10.01
"419",2018-09-18 17:00:00,NA,25.43,26.36,23.52,0.89,NA,11.15,0.53,0,10.01
"420",2018-09-18 18:00:00,NA,24.43,25.46,23.91,0.97,NA,3.72,0.53,0,3.75
"421",2018-09-18 19:00:00,NA,23.73,24.75,23.61,0.99,NA,3.77,0.19,0,5.13
"422",2018-09-18 20:00:00,NA,23.73,24.75,23.61,0.99,NA,3.6,0.26,0,10.01
"423",2018-09-18 21:00:00,NA,23.73,24.75,23.61,0.99,NA,0,0.26,0,4.44
"424",2018-09-18 22:00:00,NA,23.73,24.77,23.73,1,NA,0,0.75,0,5.13
"425",2018-09-18 23:00:00,NA,23.73,24.75,23.61,0.99,NA,0,0.36,0,10.01
"426",2018-09-19 00:00:00,NA,23.73,24.75,23.61,0.99,NA,0,0.36,0,6.53
"427",2018-09-19 01:00:00,NA,21.59,22.42,21.59,1,NA,NA,0.75,0,10.01
"428",2018-09-19 02:00:00,NA,21.59,22.42,21.59,1,NA,NA,0.44,0,10.01
"429",2018-09-19 04:00:00,NA,20.59,21.32,20.59,1,NA,5.41,0.75,0,10.01
"430",2018-09-19 05:00:00,NA,21.59,22.42,21.59,1,NA,5.41,0.75,0,10.01
"431",2018-09-19 06:00:00,NA,22.04,22.89,21.92,0.99,NA,7.45,0.36,0,10.01
"432",2018-09-19 07:00:00,NA,22.35,23.18,21.92,0.97,NA,7.55,0.26,1,10.01
"433",2018-09-19 08:00:00,NA,23.64,24.57,22.92,0.96,NA,8.21,0.19,3,10.01
"434",2018-09-19 09:00:00,NA,25.64,26.48,22.91,0.85,NA,8.1,0.19,5,10.01
"435",2018-09-19 10:00:00,NA,28.35,30.68,21.21,0.65,NA,9.51,0.19,8,10.01
"436",2018-09-19 11:00:00,NA,29.35,32.19,21.59,0.63,NA,5.87,0.26,9,10.01
"437",2018-09-19 12:00:00,NA,29.04,32.22,22.21,0.67,NA,5.39,0.44,9,10.01
"438",2018-09-19 13:00:00,NA,29.04,31.95,21.82,0.65,NA,10.06,0.44,8,10.01
"439",2018-09-19 14:00:00,NA,30.13,34.25,22.9,0.65,NA,9.99,0.36,6,10.01
"440",2018-09-19 15:00:00,NA,26.96,29.69,23.29,0.8,NA,9.78,0.44,4,10.01
"441",2018-09-19 16:00:00,NA,28.05,31.74,23.59,0.77,NA,11.67,0.44,2,10.01
"442",2018-09-19 17:00:00,NA,26.35,28.64,23.6,0.85,NA,9.98,0.44,0,10.01
"443",2018-09-19 18:00:00,NA,25.04,25.86,22.61,0.86,NA,7.61,0.19,0,10.01
"444",2018-09-19 19:00:00,NA,24.73,25.6,22.92,0.9,NA,5.41,0.19,0,10.01
"445",2018-09-19 20:00:00,NA,23.73,24.54,22.22,0.91,NA,11.15,0.26,0,10.01
"446",2018-09-19 21:00:00,NA,23.03,23.99,22.92,0.99,NA,6.58,0.26,0,10.01
"447",2018-09-19 22:00:00,NA,23.03,23.83,21.92,0.93,NA,5.71,0.26,0,10.01
"448",2018-09-19 23:00:00,NA,22.73,23.65,22.61,0.99,NA,6.82,0.36,0,8.48
"449",2018-09-20 00:00:00,NA,22.42,23.31,22.31,0.99,NA,5.92,0.36,0,5.92
"450",2018-09-20 01:00:00,NA,20.59,21.32,20.59,1,NA,9.37,0.19,0,10.01
"451",2018-09-20 02:00:00,NA,20.59,21.32,20.59,1,NA,3.6,0.19,0,10.01
"452",2018-09-20 03:00:00,NA,20.59,21.32,20.59,1,NA,NA,0.19,0,10.01
"453",2018-09-20 04:00:00,NA,20.59,21.32,20.59,1,NA,NA,0.19,0,10.01
"454",2018-09-20 05:00:00,NA,20.59,21.32,20.59,1,NA,5.41,0.19,0,10.01
"455",2018-09-20 06:00:00,NA,21.04,21.79,20.92,0.99,NA,5.41,0.19,0,10.01
"456",2018-09-20 07:00:00,NA,21.66,22.37,20.91,0.96,NA,12.54,0.19,1,10.01
"457",2018-09-20 08:00:00,NA,23.64,24.57,22.92,0.96,NA,11.09,0.19,3,10.01
"458",2018-09-20 09:00:00,NA,25.96,27.76,23.29,0.85,NA,12.09,0.19,5,10.01
"459",2018-09-20 10:00:00,NA,27.64,30.87,23.29,0.77,NA,8.69,0.19,8,10.01
"460",2018-09-20 11:00:00,NA,28.66,31.56,21.99,0.67,NA,4.65,0.19,10,10.01
"461",2018-09-20 12:00:00,NA,29.04,32.99,23.22,0.71,NA,4.55,0.19,10,10.01
"462",2018-09-20 13:00:00,NA,30.04,34.77,23.59,0.68,NA,5.1,0.19,9,10.01
"463",2018-09-20 14:00:00,NA,25.13,26.01,23.08,0.88,NA,8.71,0.53,6,10.01
"464",2018-09-20 15:00:00,NA,25.23,26.19,23.68,0.91,NA,3.01,0.19,4,10.01
"465",2018-09-20 16:00:00,NA,27.74,31.22,23.59,0.78,NA,6.37,0.26,2,10.01
"466",2018-09-20 17:00:00,NA,28.43,32.6,23.9,0.77,NA,5.07,0.53,0,10.01
"467",2018-09-20 18:00:00,NA,23.91,24.68,22.01,0.89,NA,22.58,0.61,0,0.9
"468",2018-09-20 19:00:00,NA,20.43,21.14,20.43,1,NA,6.21,0.61,0,6.92
"469",2018-09-20 20:00:00,NA,20.73,21.47,20.73,1,NA,9.09,0.44,0,6.31
"470",2018-09-20 21:00:00,NA,20.73,21.47,20.73,1,NA,10.3,0.44,0,6.31
"471",2018-09-20 22:00:00,NA,20.04,20.71,20.04,1,NA,13.37,1,0,3.19
"472",2018-09-20 23:00:00,NA,20.04,20.71,20.04,1,NA,9.14,0.65,0,6.53
"473",2018-09-21 00:00:00,NA,20.04,20.71,20.04,1,NA,11.15,0.65,0,6.53
"474",2018-09-21 01:00:00,NA,19.59,20.22,19.59,1,NA,5.41,0.44,0,10.01
"475",2018-09-21 03:00:00,NA,20.59,21.32,20.59,1,NA,9.37,NA,0,10.01
"476",2018-09-21 04:00:00,NA,20.59,21.32,20.59,1,NA,7.55,NA,0,10.01
"477",2018-09-21 05:00:00,NA,19.59,20.22,19.59,1,NA,7.55,0.19,0,10.01
"478",2018-09-21 06:00:00,NA,19.34,19.94,19.34,1,NA,11.15,0.44,0,10.01
"479",2018-09-21 07:00:00,NA,20.65,21.37,20.61,1,NA,7.47,0.19,1,10.01
"480",2018-09-21 08:00:00,NA,23.64,24.43,22.01,0.91,NA,11.91,0.19,3,10.01
"481",2018-09-21 09:00:00,NA,24.95,25.73,22.3,0.85,NA,17.25,0.19,5,10.01
"482",2018-09-21 10:00:00,NA,27.34,29.54,21.6,0.71,NA,14.36,NA,NA,10.01
"483",2018-09-21 11:00:00,NA,28.66,31.76,22.29,0.69,NA,8.61,NA,NA,10.01
"484",2018-09-21 12:00:00,NA,30.04,33.6,22.29,0.63,NA,7.87,0.19,10,10.01
"485",2018-09-21 13:00:00,NA,30.04,33.86,22.59,0.64,NA,1.83,0.36,8,10.01
"486",2018-09-21 14:00:00,NA,29.73,33.45,22.59,0.66,NA,11.86,0.36,6,10.01
"487",2018-09-21 15:00:00,NA,30.43,34.66,22.9,0.64,NA,9.37,0.19,4,10.01
"488",2018-09-21 16:00:00,NA,30.13,34.9,23.59,0.68,NA,8.14,0.19,2,10.01
"489",2018-09-21 17:00:00,NA,27.03,30.94,24.99,0.89,NA,5.49,0.26,0,10.01
"490",2018-09-21 18:00:00,NA,25.64,26.48,22.91,0.85,NA,8.06,0.26,0,10.01
"491",2018-09-21 19:00:00,NA,24.34,25.44,24.34,1,NA,4.06,0.75,0,8.61
"492",2018-09-21 20:00:00,NA,20.04,20.71,20.04,1,NA,7.9,1,0,7.08
"493",2018-09-21 21:00:00,NA,20.34,21.04,20.34,1,NA,9.51,0.36,0,10.01
"494",2018-09-21 22:00:00,NA,20.73,21.46,20.61,0.99,NA,11.15,0.44,0,10.01
"495",2018-09-21 23:00:00,NA,21.04,21.74,20.61,0.97,NA,7.68,0.44,0,9.69
"496",2018-09-22 00:00:00,NA,20.34,20.98,19.92,0.97,NA,8.79,0.44,0,10.01
"497",2018-09-22 01:00:00,NA,21.59,22.42,21.59,1,NA,14.77,0.19,0,10.01
"498",2018-09-22 02:00:00,NA,20.59,21.32,20.59,1,NA,12.96,0.19,0,10.01
"499",2018-09-22 03:00:00,NA,20.59,21.32,20.59,1,NA,7.55,NA,0,10.01
"500",2018-09-22 04:00:00,NA,19.59,20.22,19.59,1,NA,NA,NA,0,10.01
"501",2018-09-22 05:00:00,NA,20.59,21.32,20.59,1,NA,9.37,NA,0,10.01
"502",2018-09-22 06:00:00,NA,20.04,20.53,18.92,0.93,NA,9.93,0.19,0,10.01
"503",2018-09-22 07:00:00,NA,20.96,21.46,19.22,0.9,NA,8.16,0.19,1,10.01
"504",2018-09-22 08:00:00,NA,23.64,24.38,21.61,0.88,NA,7.93,0.19,3,10.01
"505",2018-09-22 09:00:00,NA,26.04,27.81,22.61,0.81,NA,10.96,0.19,5,10.01
"506",2018-09-22 10:00:00,NA,27.03,29.64,22.91,0.78,NA,6.89,0.19,8,10.01
"507",2018-09-22 11:00:00,NA,27.61,30.63,22.98,0.76,NA,7.55,0.19,10,10.01
"508",2018-09-22 12:00:00,NA,28.61,32.16,22.98,0.72,NA,NA,0.19,10,10.01
"509",2018-09-22 13:00:00,NA,29.35,32.41,21.9,0.64,NA,5.42,0.19,9,10.01
"510",2018-09-22 14:00:00,NA,28.74,32.31,22.91,0.71,NA,5.71,0.26,7,10.01
"511",2018-09-22 15:00:00,NA,28.74,32.31,22.91,0.71,NA,4.31,0.44,4,10.01
"512",2018-09-22 16:00:00,NA,26.73,28.77,21.91,0.75,NA,11.43,0.44,2,10.01
"513",2018-09-22 17:00:00,NA,23.27,24.16,22.61,0.96,NA,9.4,0.26,0,7.92
"514",2018-09-22 18:00:00,NA,23.64,24.46,22.22,0.92,NA,2.3,0.19,0,10.01
"515",2018-09-22 19:00:00,NA,23.33,24.22,22.61,0.96,NA,2.3,0.26,0,10.01
"516",2018-09-22 20:00:00,NA,23.03,23.79,21.61,0.92,NA,1.66,0.36,0,10.01
"517",2018-09-22 21:00:00,NA,22.42,23.31,22.31,0.99,NA,10.49,0.36,0,9.08
"518",2018-09-22 22:00:00,NA,22.12,22.99,22.12,1,NA,7.61,0.75,0,4.52
"519",2018-09-22 23:00:00,NA,21.43,22.24,21.43,1,NA,12.84,0.36,0,3.6
"520",2018-09-23 00:00:00,NA,21.73,22.56,21.61,0.99,NA,6.05,0.75,0,3.75
"521",2018-09-23 01:00:00,NA,20.59,21.32,20.59,1,NA,5.41,0.75,0,10.01
"522",2018-09-23 02:00:00,NA,20.59,21.32,20.59,1,NA,5.41,0.75,0,10.01
"523",2018-09-23 03:00:00,NA,21.59,22.42,21.59,1,NA,16.56,0.75,0,10.01
"524",2018-09-23 04:00:00,NA,21.59,22.42,21.59,1,NA,16.56,0.44,0,10.01
"525",2018-09-23 05:00:00,NA,21.59,22.42,21.59,1,NA,12.96,0.44,0,10.01
"526",2018-09-23 06:00:00,NA,20.65,21.37,20.61,1,NA,11.7,0.65,0,3.75
"527",2018-09-23 07:00:00,NA,20.96,21.67,20.61,0.98,NA,12.63,0.19,1,10.01
"528",2018-09-23 08:00:00,NA,23.27,23.91,20.91,0.87,NA,11.73,NA,NA,10.01
"529",2018-09-23 09:00:00,NA,25.96,27.59,22.3,0.8,NA,12.96,NA,NA,10.01
"530",2018-09-23 10:00:00,NA,26.96,29.43,22.68,0.77,NA,11.94,NA,NA,10.01
"531",2018-09-23 11:00:00,NA,28.05,30.39,21.38,0.67,NA,5.58,0.19,10,10.01
"532",2018-09-23 12:00:00,NA,28.35,31.74,22.91,0.72,NA,7.11,0.19,10,10.01
"533",2018-09-23 13:00:00,NA,30.04,34.13,22.9,0.66,NA,6.52,0.19,9,10.01
"534",2018-09-23 14:00:00,NA,28.74,32.84,23.59,0.74,NA,10.06,0.26,7,10.01
"535",2018-09-23 15:00:00,NA,27.03,30.15,23.99,0.83,NA,8,0.26,4,10.01
"536",2018-09-23 16:00:00,NA,26.66,28.66,21.91,0.75,NA,22.34,0.44,2,10.01
"537",2018-09-23 17:00:00,NA,22.42,23.27,22.01,0.98,NA,5.79,0.61,0,9.3
"538",2018-09-23 18:00:00,NA,22.42,23.21,21.61,0.95,NA,9.85,0.44,0,10.01
"539",2018-09-23 19:00:00,NA,22.42,23.16,21.31,0.93,NA,11.15,0.19,0,10.01
"540",2018-09-23 20:00:00,NA,22.04,22.84,21.61,0.97,NA,5.41,NA,0,10.01
"541",2018-09-23 21:00:00,NA,22.04,22.89,21.92,0.99,NA,3.6,NA,0,10.01
"542",2018-09-23 22:00:00,NA,22.35,23.14,21.61,0.96,NA,5.41,NA,0,10.01
"543",2018-09-23 23:00:00,NA,22.04,22.89,21.92,0.99,NA,4.65,0.75,0,10.01
"544",2018-09-24 00:00:00,NA,22.04,22.84,21.61,0.97,NA,5.71,NA,0,10.01
"545",2018-09-24 01:00:00,NA,22.61,23.53,22.61,1,NA,9.37,0.44,0,10.01
"546",2018-09-24 02:00:00,NA,22.61,23.53,22.61,1,NA,7.55,0.75,0,10.01
"547",2018-09-24 03:00:00,NA,21.59,22.42,21.59,1,NA,5.41,NA,0,10.01
"548",2018-09-24 04:00:00,NA,21.59,22.42,21.59,1,NA,9.37,0.19,0,10.01
"549",2018-09-24 05:00:00,NA,20.59,21.32,20.59,1,NA,NA,NA,0,10.01
"550",2018-09-24 06:00:00,NA,21.04,21.79,20.92,0.99,NA,5.41,0.19,0,10.01
"551",2018-09-24 07:00:00,NA,22.35,22.99,20.61,0.9,NA,7.07,0.19,1,10.01
"552",2018-09-24 08:00:00,NA,24.65,25.48,22.61,0.88,NA,12.96,0.19,3,10.01
"553",2018-09-24 09:00:00,NA,25.64,26.49,22.99,0.85,NA,12.33,NA,NA,10.01
"554",2018-09-24 10:00:00,NA,27.34,29.86,22.29,0.74,NA,11.44,0.19,8,10.01
"555",2018-09-24 11:00:00,NA,28.35,31.28,22.21,0.69,NA,8.24,0.26,9,10.01
"556",2018-09-24 12:00:00,NA,29.04,32.45,22.52,0.68,NA,0.76,0.26,10,10.01
"557",2018-09-24 13:00:00,NA,29.04,32.75,22.91,0.7,NA,7.61,0.19,9,10.01
"558",2018-09-24 14:00:00,NA,28.74,32.6,23.28,0.72,NA,10.57,0.36,6,10.01
"559",2018-09-24 15:00:00,NA,27.34,30.74,23.99,0.82,NA,12.33,0.44,4,10.01
"560",2018-09-24 16:00:00,NA,26.66,29.69,24.68,0.89,NA,5.95,0.26,2,10.01
"561",2018-09-24 17:00:00,NA,23.57,24.24,21.22,0.87,NA,11.17,0.36,0,10.01
"562",2018-09-24 18:00:00,NA,22.35,23.04,21,0.92,NA,10.57,0.26,0,10.01
"563",2018-09-24 19:00:00,NA,21.66,22.33,20.61,0.94,NA,2.49,0.26,0,10.01
"564",2018-09-24 20:00:00,NA,22.04,22.8,21.31,0.96,NA,5.86,0.19,0,10.01
"565",2018-09-24 21:00:00,NA,22.35,23.09,21.31,0.94,NA,7.52,0.19,0,10.01
"566",2018-09-24 22:00:00,NA,22.35,23.14,21.61,0.96,NA,5.73,0.19,0,10.01
"567",2018-09-24 23:00:00,NA,21.66,22.48,21.61,1,NA,11.12,0.19,0,10.01
"568",2018-09-25 00:00:00,NA,21.34,22.14,21.31,1,NA,5.73,0.19,0,10.01
"569",2018-09-25 02:00:00,NA,20.59,21.32,20.59,1,NA,NA,NA,0,10.01
"570",2018-09-25 04:00:00,NA,20.59,21.32,20.59,1,NA,5.41,NA,0,10.01
"571",2018-09-25 05:00:00,NA,21.59,22.42,21.59,1,NA,9.37,NA,0,10.01
"572",2018-09-25 06:00:00,NA,21.66,22.33,20.61,0.94,NA,11.86,NA,NA,10.01
"573",2018-09-25 07:00:00,NA,22.65,23.48,22.01,0.96,NA,11.94,0.19,1,10.01
"574",2018-09-25 08:00:00,NA,23.64,24.48,22.31,0.92,NA,7.07,0.19,3,10.01
"575",2018-09-25 09:00:00,NA,26.59,29.28,23.99,0.86,NA,NA,0.19,5,10.01
"576",2018-09-25 10:00:00,NA,26.66,28.66,21.91,0.75,NA,9.93,NA,NA,NA
"577",2018-09-25 11:00:00,NA,28.35,31.53,22.6,0.71,NA,7.47,0.19,10,10.01
"578",2018-09-25 12:00:00,NA,29.35,33.18,22.91,0.68,NA,0,0.19,10,10.01
"579",2018-09-25 13:00:00,NA,30.04,34.13,22.9,0.66,NA,11.02,0.36,8,10.01
"580",2018-09-25 14:00:00,NA,30.43,32.74,20.51,0.55,NA,9.41,0.19,7,10.01
"581",2018-09-25 15:00:00,NA,27.64,30.16,21.99,0.71,NA,6.39,0.19,4,10.01
"582",2018-09-25 16:00:00,NA,26.66,29.02,22.98,0.8,NA,10.57,0.26,2,10.01
"583",2018-09-25 17:00:00,NA,26.66,28.92,22.68,0.79,NA,3.41,0.26,0,10.01
"584",2018-09-25 18:00:00,NA,25.34,26.3,23.68,0.91,NA,2.86,0.36,0,10.01
"585",2018-09-25 19:00:00,NA,24.73,25.69,23.6,0.93,NA,3.56,0.36,0,10.01
"586",2018-09-25 20:00:00,NA,23.12,24.09,23.12,1,NA,6.69,0.83,0,8.48
"587",2018-09-25 21:00:00,NA,20.73,21.47,20.73,1,NA,17.65,0.61,0,7.08
"588",2018-09-25 22:00:00,NA,20.04,20.71,20.04,1,NA,5.09,0.44,0,8.61
"589",2018-09-25 23:00:00,NA,20.04,20.71,20.04,1,NA,3.91,0.61,0,10.01
"590",2018-09-26 00:00:00,NA,20.04,20.71,20.04,1,NA,2.41,0.75,0,10.01
"591",2018-09-26 01:00:00,NA,19.59,20.22,19.59,1,NA,NA,0.44,0,10.01
"592",2018-09-26 02:00:00,NA,20.59,21.32,20.59,1,NA,9.37,0.75,0,10.01
"593",2018-09-26 03:00:00,NA,20.59,21.32,20.59,1,NA,9.37,0.75,0,10.01
"594",2018-09-26 04:00:00,NA,21.59,22.33,21.01,0.96,NA,9.37,0.75,0,10.01
"595",2018-09-26 05:00:00,NA,19.59,20.22,19.59,1,NA,9.37,NA,0,NA
"596",2018-09-26 06:00:00,NA,20.04,20.69,19.92,0.99,NA,9.37,0.75,0,10.01
"597",2018-09-26 07:00:00,NA,20.34,20.87,19.22,0.93,NA,11.15,0.44,1,10.01
"598",2018-09-26 08:00:00,NA,21.66,22.33,20.61,0.94,NA,13,0.44,2,10.01
"599",2018-09-26 09:00:00,NA,23.95,24.77,22.31,0.91,NA,8.21,0.19,5,10.01
"600",2018-09-26 10:00:00,NA,25.04,25.86,22.61,0.86,NA,5.65,NA,NA,10.01
"601",2018-09-26 11:00:00,NA,26.04,27.68,21.91,0.78,NA,6.9,NA,NA,10.01
"602",2018-09-26 12:00:00,NA,27.03,28.96,21.21,0.71,NA,5.86,0.19,10,10.01
"603",2018-09-26 13:00:00,NA,27.64,29.92,21.51,0.69,NA,2.72,0.19,9,10.01
"604",2018-09-26 14:00:00,NA,28.66,31.5,21.9,0.67,NA,3.6,0.19,7,10.01
"605",2018-09-26 15:00:00,NA,28.74,31.82,22.21,0.68,NA,7.64,0.19,4,10.01
"606",2018-09-26 16:00:00,NA,28.35,31.09,21.91,0.68,NA,5.89,0.19,2,10.01
"607",2018-09-26 17:00:00,NA,27.03,29.22,21.91,0.74,NA,4.81,0.19,0,10.01
"608",2018-09-26 18:00:00,NA,26.04,28.16,24.29,0.9,NA,6.81,0.19,0,10.01
"609",2018-09-26 19:00:00,NA,24.34,25.39,23.99,0.98,NA,4.8,0.26,0,10.01
"610",2018-09-26 20:00:00,NA,24.03,25.03,23.61,0.97,NA,2.3,0.36,0,10.01
"611",2018-09-26 21:00:00,NA,24.03,25.03,23.61,0.97,NA,17.06,0.44,0,3.4
"612",2018-09-26 22:00:00,NA,20.96,21.72,20.96,1,NA,7.37,0.19,0,8.61
"613",2018-09-26 23:00:00,NA,21.66,22.33,20.61,0.94,NA,4.57,0.36,0,10.01
"614",2018-09-27 00:00:00,NA,19.73,20.38,19.73,1,NA,8.27,0.53,0,4.7
"615",2018-09-27 01:00:00,NA,21.59,22.42,21.59,1,NA,11.15,0.44,0,10.01
"616",2018-09-27 02:00:00,NA,19.59,20.22,19.59,1,NA,11.15,0.19,0,10.01
"617",2018-09-27 03:00:00,NA,20.59,21.32,20.59,1,NA,16.56,NA,0,10.01
"618",2018-09-27 04:00:00,NA,20.59,21.32,20.59,1,NA,14.77,NA,0,10.01
"619",2018-09-27 05:00:00,NA,20.59,21.32,20.59,1,NA,9.37,NA,0,10.01
"620",2018-09-27 06:00:00,NA,20.34,21.04,20.34,1,NA,9.67,NA,NA,10.01
"621",2018-09-27 07:00:00,NA,21.04,21.79,20.92,0.99,NA,11.15,0.19,1,10.01
"622",2018-09-27 08:00:00,NA,23.64,24.48,22.31,0.92,NA,11.12,0.19,3,10.01
"623",2018-09-27 09:00:00,NA,24.65,25.58,23.29,0.92,NA,8.74,0.19,5,10.01
"624",2018-09-27 10:00:00,NA,26.35,28.44,22.91,0.81,NA,5.13,0.19,8,10.01
"625",2018-09-27 11:00:00,NA,28.05,31.48,23.22,0.75,NA,5.5,0.19,10,10.01
"626",2018-09-27 12:00:00,NA,29.04,31.74,21.51,0.64,NA,9.51,0.19,10,10.01
"627",2018-09-27 13:00:00,NA,28.05,30.86,22.21,0.71,NA,11.81,0.19,9,10.01
"628",2018-09-27 14:00:00,NA,27.34,30.92,24.29,0.84,NA,7.45,0.19,7,10.01
"629",2018-09-27 15:00:00,NA,27.74,31.03,23.29,0.77,NA,10.46,0.19,4,10.01
"630",2018-09-27 16:00:00,NA,27.74,30.24,21.91,0.71,NA,9.78,0.19,2,10.01
"631",2018-09-27 17:00:00,NA,26.73,29.01,22.61,0.78,NA,5.97,0.19,0,10.01
"632",2018-09-27 18:00:00,NA,26.11,28.07,23.22,0.84,NA,0,0.19,0,10.01
"633",2018-09-27 19:00:00,NA,23.73,24.64,22.92,0.95,NA,3.6,0.19,0,10.01
"634",2018-09-27 20:00:00,NA,23.03,23.99,22.92,0.99,NA,2.3,0.19,0,10.01
"635",2018-09-27 21:00:00,NA,23.03,23.94,22.61,0.97,NA,5.39,0.19,0,10.01
"636",2018-09-27 22:00:00,NA,22.73,23.65,22.61,0.99,NA,1.43,0.19,0,10.01
"637",2018-09-27 23:00:00,NA,23.03,23.94,22.61,0.97,NA,0,0.19,0,10.01
"638",2018-09-28 00:00:00,NA,22.04,22.89,21.92,0.99,NA,3.2,0.26,0,10.01
"639",2018-09-28 01:00:00,NA,22.61,23.53,22.61,1,NA,7.55,0.75,0,10.01
"640",2018-09-28 02:00:00,NA,22.61,23.53,22.61,1,NA,7.55,0.44,0,10.01
"641",2018-09-28 03:00:00,NA,20.59,21.32,20.59,1,NA,NA,0.44,0,10.01
"642",2018-09-28 04:00:00,NA,20.59,21.32,20.59,1,NA,5.41,0.44,0,10.01
"643",2018-09-28 05:00:00,NA,20.59,21.32,20.59,1,NA,NA,0.44,0,10.01
"644",2018-09-28 06:00:00,NA,21.04,21.81,21.04,1,NA,12.96,0.36,0,10.01
"645",2018-09-28 07:00:00,NA,21.34,22.08,20.91,0.97,NA,5.41,0.26,1,10.01
"646",2018-09-28 08:00:00,NA,23.33,24.22,22.61,0.96,NA,6.71,0.44,2,10.01
"647",2018-09-28 09:00:00,NA,24.34,25.33,23.61,0.96,NA,9.29,0.19,5,10.01
"648",2018-09-28 10:00:00,NA,26.35,28.44,22.91,0.81,NA,7.37,0.19,8,10.01
"649",2018-09-28 11:00:00,NA,28.35,32.23,23.59,0.75,NA,7.77,0.19,10,10.01
"650",2018-09-28 12:00:00,NA,29.04,32.22,22.21,0.67,NA,4.68,0.19,10,10.01
"651",2018-09-28 13:00:00,NA,29.73,33.13,22.21,0.64,NA,3.44,0.36,8,10.01
"652",2018-09-28 14:00:00,NA,29.43,32.02,21.2,0.61,NA,9.99,0.19,7,10.01
"653",2018-09-28 15:00:00,NA,29.43,33.04,22.6,0.67,NA,9.98,0.19,4,10.01
"654",2018-09-28 16:00:00,NA,26.73,29.8,24.29,0.87,NA,8.8,0.19,2,10.01
"655",2018-09-28 17:00:00,NA,26.73,29.27,23.29,0.82,NA,7.52,0.19,0,10.01
"656",2018-09-28 18:00:00,NA,26.04,27.95,23.29,0.85,NA,3.49,0.19,0,10.01
"657",2018-09-28 19:00:00,NA,25.74,26.63,23.29,0.86,NA,7.61,0.19,0,10.01
"658",2018-09-28 20:00:00,NA,24.73,25.6,22.92,0.9,NA,2.3,0.19,0,10.01
"659",2018-09-28 21:00:00,NA,23.73,24.47,21.69,0.88,NA,8.47,0.44,0,10.01
"660",2018-09-28 22:00:00,NA,22.12,22.99,22.12,1,NA,20.71,0.53,0,2.91
"661",2018-09-28 23:00:00,NA,21.43,22.24,21.43,1,NA,1.67,0.53,0,4.22
"662",2018-09-29 00:00:00,NA,21.43,22.24,21.43,1,NA,1.92,0.75,0,3.83
"663",2018-09-29 01:00:00,NA,19.59,20.22,19.59,1,NA,NA,1,0,10.01
"664",2018-09-29 02:00:00,NA,19.59,20.22,19.59,1,NA,3.6,1,0,10.01
"665",2018-09-29 03:00:00,NA,19.59,20.22,19.59,1,NA,NA,1,0,10.01
"666",2018-09-29 04:00:00,NA,19.59,20.22,19.59,1,NA,3.6,0.44,0,10.01
"667",2018-09-29 05:00:00,NA,19.59,20.22,19.59,1,NA,NA,0.75,0,10.01
"668",2018-09-29 06:00:00,NA,20.73,21.47,20.73,1,NA,9.85,0.44,0,3.75
"669",2018-09-29 07:00:00,NA,20.73,21.47,20.73,1,NA,4.55,0.75,1,3.75
"670",2018-09-29 08:00:00,NA,22.35,23.18,21.92,0.97,NA,NA,0.19,3,10.01
"671",2018-09-29 09:00:00,NA,25.04,25.76,21.91,0.83,NA,7.07,NA,NA,10.01
"672",2018-09-29 10:00:00,NA,25.64,26.39,22.22,0.81,NA,8.88,0.19,8,10.01
"673",2018-09-29 11:00:00,NA,27.34,29.68,21.91,0.72,NA,12.12,0.19,9,10.01
"674",2018-09-29 12:00:00,NA,28.35,31.09,21.91,0.68,NA,9.54,0.19,10,10.01
"675",2018-09-29 13:00:00,NA,29.04,32.22,22.21,0.67,NA,9.09,0.19,9,10.01
"676",2018-09-29 14:00:00,NA,29.04,32.01,21.9,0.65,NA,13.33,0.19,7,10.01
"677",2018-09-29 15:00:00,NA,29.73,32.39,21.2,0.6,NA,12.33,0.26,4,10.01
"678",2018-09-29 16:00:00,NA,28.13,30.4,21.21,0.66,NA,7.98,0.19,2,10.01
"679",2018-09-29 17:00:00,NA,26.73,29.39,23.6,0.83,NA,3.81,0.19,0,10.01
"680",2018-09-29 18:00:00,NA,25.74,26.58,22.91,0.84,NA,0.55,0.19,0,10.01
"681",2018-09-29 19:00:00,NA,24.03,25.03,23.61,0.97,NA,2.3,0.19,0,10.01
"682",2018-09-29 20:00:00,NA,24.43,25.52,24.3,0.99,NA,6.58,0.19,0,10.01
"683",2018-09-29 21:00:00,NA,23.73,24.75,23.61,0.99,NA,7.55,0.19,0,10.01
"684",2018-09-29 22:00:00,NA,23.73,24.71,23.3,0.97,NA,8.14,0.19,0,10.01
"685",2018-09-29 23:00:00,NA,23.42,24.43,23.42,1,NA,8.58,0.44,0,10.01
"686",2018-09-30 00:00:00,NA,22.12,22.99,22.12,1,NA,8.55,0.19,0,7.68
"687",2018-09-30 01:00:00,NA,19.59,20.22,19.59,1,NA,9.37,1,0,10.01
"688",2018-09-30 02:00:00,NA,18.61,19.13,18.61,1,NA,5.41,0.44,0,10.01
"689",2018-09-30 03:00:00,NA,19.59,20.22,19.59,1,NA,16.56,NA,0,10.01
"690",2018-09-30 04:00:00,NA,19.59,20.22,19.59,1,NA,NA,NA,0,10.01
"691",2018-09-30 05:00:00,NA,19.59,20.22,19.59,1,NA,NA,NA,0,10.01
"692",2018-09-30 06:00:00,NA,20.73,21.47,20.73,1,NA,14.77,NA,NA,10.01
"693",2018-09-30 07:00:00,NA,21.04,21.81,21.04,1,NA,7.47,NA,NA,10.01
"694",2018-09-30 08:00:00,NA,24.03,24.89,22.61,0.92,NA,16.56,NA,NA,10.01
"695",2018-09-30 09:00:00,NA,24.34,25.09,21.91,0.86,NA,10.46,NA,NA,10.01
"696",2018-09-30 10:00:00,NA,25.34,26.1,22.22,0.83,NA,10.65,NA,NA,10.01
"697",2018-09-30 11:00:00,NA,27.03,29.22,21.91,0.74,NA,11.15,0.19,9,10.01
"698",2018-09-30 12:00:00,NA,28.05,30.86,22.21,0.71,NA,9.37,0.26,9,10.01
"699",2018-09-30 13:00:00,NA,28.74,31.82,22.21,0.68,NA,2.16,0.19,9,10.01
"700",2018-09-30 14:00:00,NA,28.43,31.2,21.91,0.68,NA,6.69,0.36,6,10.01
"701",2018-09-30 15:00:00,NA,28.43,31.2,21.91,0.68,NA,5.34,0.19,4,10.01
"702",2018-09-30 16:00:00,NA,26.66,28.89,22.61,0.79,NA,4.65,0.19,2,10.01
"703",2018-09-30 17:00:00,NA,26.73,29.01,22.61,0.78,NA,2.86,0.19,0,10.01
"704",2018-09-30 18:00:00,NA,25.43,26.37,23.6,0.9,NA,6.12,0.19,0,10.01
"705",2018-09-30 19:00:00,NA,24.43,25.41,23.6,0.95,NA,4.99,0.19,0,10.01
"706",2018-09-30 20:00:00,NA,24.73,25.69,23.6,0.93,NA,5.63,0.26,0,10.01
"707",2018-09-30 21:00:00,NA,24.73,25.8,24.3,0.97,NA,2.86,0.36,0,10.01
"708",2018-09-30 22:00:00,NA,23.73,24.75,23.61,0.99,NA,5.23,0.53,0,10.01
"709",2018-09-30 23:00:00,NA,23.12,24.09,23.12,1,NA,7.79,0.36,0,8.48
